Formula,E,S,A,B,V,L
naphthalene,1.3920000000000001,0.919,0,0.197,1.0854000000000001,0.196
anthracene,2.128,1.2610000000000001,0,0.257,1.4544000000000006,0.256
